State,while,(,),{,},||,&&,!,;,i,=,+,-,*,/,n,>,<,==,>=,<=,!=,++,--,break,continue,int,float,true,false,#,A,L,M1,N,C,B,S,E,F,G,ROP,M,
0,S17,S1,,,,,,,,S13,,,S3,,,S15,,,,,,,S2,S4,S9,S10,S14,S12,S16,S11,,5,,,,,6,8,,,7,,,
1,,S18,,,,,,,,S26,,,S20,,,S27,,,,,,,S19,S21,,,,,S28,S25,,,,,,,,,22,23,24,,,
2,,,,,,,,,,S29,,,,,,,,,,,,,,,,,,,,,,,,,,,,,,,,,,
3,,S1,,,,,,,,S31,,,S3,,,S15,,,,,,,S2,S4,,,,,S16,S11,,,,,,,,,,,30,,,
4,,,,,,,,,,S32,,,,,,,,,,,,,,,,,,,,,,,,,,,,,,,,,,
5,S17,S1,,,,,,,,S13,,,S3,,,S15,,,,,,,S2,S4,S9,S10,S14,S12,S16,S11,r13,5,,,,,33,8,,,7,,,
6,,,,,,,,,,,,,,,,,,,,,,,,,,,,,,,acc,,,,,,,,,,,,,
7,,,,,,,,,r35,,,,,,,,,,,,,,,,,,,,,,,,,,,,,,,,,,,
8,,,,,,,,,S34,,,,,,,,,,,,,,,,,,,,,,,,,,,,,,,,,,,
9,,,,,,,,,r36,,,,,,,,,,,,,,,,,,,,,,,,,,,,,,,,,,,
10,,,,,,,,,r37,,,,,,,,,,,,,,,,,,,,,,,,,,,,,,,,,,,
11,,,,,,,,,r44,,,,,,,,,,,,,,,,,,,,,,,,,,,,,,,,,,,
12,,,,,,,,,,S35,,,,,,,,,,,,,,,,,,,,,,,,,,,,,,,,,,
13,,,,,,,,,r22,,S38,,,,,,,,,,,,S36,S37,,,,,,,,,,,,,,,,,,,,
14,,,,,,,,,,S39,,,,,,,,,,,,,,,,,,,,,,,,,,,,,,,,,,
15,,,,,,,,,r23,,,,,,,,,,,,,,,,,,,,,,,,,,,,,,,,,,,
16,,,,,,,,,r43,,,,,,,,,,,,,,,,,,,,,,,,,,,,,,,,,,,
17,,S40,,,,,,,,,,,,,,,,,,,,,,,,,,,,,,,,,,,,,,,,,,
18,,S18,,,,,,,,S26,,,S20,,,S27,,,,,,,S19,S21,,,,,S28,S25,,,,,,,,,41,23,24,,,
19,,,,,,,,,,S42,,,,,,,,,,,,,,,,,,,,,,,,,,,,,,,,,,
20,,S18,,,,,,,,S26,,,S20,,,S27,,,,,,,S19,S21,,,,,S28,S25,,,,,,,,,,,43,,,
21,,,,,,,,,,S44,,,,,,,,,,,,,,,,,,,,,,,,,,,,,,,,,,
22,,,S45,,,,,,,,,S46,S47,,,,,,,,,,,,,,,,,,,,,,,,,,,,,,,
23,,,r17,,,,,,,,,r17,r17,S48,S49,,,,,,,,,,,,,,,,,,,,,,,,,,,,,
24,,,r20,,,,,,,,,r20,r20,r20,r20,,,,,,,,,,,,,,,,,,,,,,,,,,,,,
25,,,r44,,,,,,,,,r44,r44,r44,r44,,,,,,,,,,,,,,,,,,,,,,,,,,,,,
26,,,r22,,,,,,,,,r22,r22,r22,r22,,,,,,,,S50,S51,,,,,,,,,,,,,,,,,,,,
27,,,r23,,,,,,,,,r23,r23,r23,r23,,,,,,,,,,,,,,,,,,,,,,,,,,,,,
28,,,r43,,,,,,,,,r43,r43,r43,r43,,,,,,,,,,,,,,,,,,,,,,,,,,,,,
29,,,,,,,,,r32,,,,,,,,,,,,,,,,,,,,,,,,,,,,,,,,,,,
30,,,,,,,,,r21,,,,,,,,,,,,,,,,,,,,,,,,,,,,,,,,,,,
31,,,,,,,,,r22,,,,,,,,,,,,,,S36,S37,,,,,,,,,,,,,,,,,,,,
32,,,,,,,,,r34,,,,,,,,,,,,,,,,,,,,,,,,,,,,,,,,,,,
33,,,,,,,,,,,,,,,,,,,,,,,,,,,,,,,r12,,,,,,,,,,,,,
34,S17,S1,,,,,,,,S13,,,S3,,,S15,,,,,,,S2,S4,S9,S10,S14,S12,S16,S11,r11,5,,,,,52,8,,,7,,,
35,,,,,,,,,r40,,S53,,,,,,,,,,,,,,,,,,,,,,,,,,,,,,,,,
36,,,,,,,,,r31,,,,,,,,,,,,,,,,,,,,,,,,,,,,,,,,,,,
37,,,,,,,,,r33,,,,,,,,,,,,,,,,,,,,,,,,,,,,,,,,,,,
38,,S54,,,,,,,,S62,,,S56,,,S63,,,,,,,S55,S57,,,,,S64,S61,,,,,,,,,58,59,60,,,
39,,,,,,,,,r39,,S65,,,,,,,,,,,,,,,,,,,,,,,,,,,,,,,,,
40,,S67,,,,,,S66,,S79,,,S69,,,S80,,,,,,,S68,S70,,,,,S81,S78,,,75,76,77,71,,,72,73,74,,,
41,,,S82,,,,,,,,,S46,S47,,,,,,,,,,,,,,,,,,,,,,,,,,,,,,,
42,,,r32,,,,,,,,,r32,r32,r32,r32,,,,,,,,,,,,,,,,,,,,,,,,,,,,,
43,,,r21,,,,,,,,,r21,r21,r21,r21,,,,,,,,,,,,,,,,,,,,,,,,,,,,,
44,,,r34,,,,,,,,,r34,r34,r34,r34,,,,,,,,,,,,,,,,,,,,,,,,,,,,,
45,,,,,,,,,r24,,,,,,,,,,,,,,,,,,,,,,,,,,,,,,,,,,,
46,,S18,,,,,,,,S26,,,S20,,,S27,,,,,,,S19,S21,,,,,S28,S25,,,,,,,,,,83,24,,,
47,,S18,,,,,,,,S26,,,S20,,,S27,,,,,,,S19,S21,,,,,S28,S25,,,,,,,,,,84,24,,,
48,,S18,,,,,,,,S26,,,S20,,,S27,,,,,,,S19,S21,,,,,S28,S25,,,,,,,,,,,85,,,
49,,S18,,,,,,,,S26,,,S20,,,S27,,,,,,,S19,S21,,,,,S28,S25,,,,,,,,,,,86,,,
50,,,r31,,,,,,,,,r31,r31,r31,r31,,,,,,,,,,,,,,,,,,,,,,,,,,,,,
51,,,r33,,,,,,,,,r33,r33,r33,r33,,,,,,,,,,,,,,,,,,,,,,,,,,,,,
52,,,,,,,,,,,,,,,,,,,,,,,,,,,,,,,r10,,,,,,,,,,,,,
53,,S54,,,,,,,,S62,,,S56,,,S63,,,,,,,S55,S57,,,,,S64,S61,,,,,,,,,87,59,60,,,
54,,S18,,,,,,,,S26,,,S20,,,S27,,,,,,,S19,S21,,,,,S28,S25,,,,,,,,,88,23,24,,,
55,,,,,,,,,,S89,,,,,,,,,,,,,,,,,,,,,,,,,,,,,,,,,,
56,,S54,,,,,,,,S62,,,S56,,,S63,,,,,,,S55,S57,,,,,S64,S61,,,,,,,,,,,90,,,
57,,,,,,,,,,S91,,,,,,,,,,,,,,,,,,,,,,,,,,,,,,,,,,
58,,,,,,,,,r14,,,S92,S93,,,,,,,,,,,,,,,,,,,,,,,,,,,,,,,
59,,,,,,,,,r17,,,r17,r17,S94,S95,,,,,,,,,,,,,,,,,,,,,,,,,,,,,
60,,,,,,,,,r20,,,r20,r20,r20,r20,,,,,,,,,,,,,,,,,,,,,,,,,,,,,
61,,,,,,,,,r44,,,r44,r44,r44,r44,,,,,,,,,,,,,,,,,,,,,,,,,,,,,
62,,,,,,,,,r22,,,r22,r22,r22,r22,,,,,,,,S96,S97,,,,,,,,,,,,,,,,,,,,
63,,,,,,,,,r23,,,r23,r23,r23,r23,,,,,,,,,,,,,,,,,,,,,,,,,,,,,
64,,,,,,,,,r43,,,r43,r43,r43,r43,,,,,,,,,,,,,,,,,,,,,,,,,,,,,
65,,S54,,,,,,,,S62,,,S56,,,S63,,,,,,,S55,S57,,,,,S64,S61,,,,,,,,,98,59,60,,,
66,,S67,,,,,,S66,,S79,,,S69,,,S80,,,,,,,S68,S70,,,,,S81,S78,,,,,99,71,,,72,73,74,,,
67,,S67,,,,,,S66,,S79,,,S69,,,S80,,,,,,,S68,S70,,,,,S81,S78,,,103,76,77,71,,,100,101,102,,,
68,,,,,,,,,,S104,,,,,,,,,,,,,,,,,,,,,,,,,,,,,,,,,,
69,,S105,,,,,,,,S79,,,S69,,,S80,,,,,,,S68,S70,,,,,S81,S78,,,,,,,,,,,106,,,
70,,,,,,,,,,S107,,,,,,,,,,,,,,,,,,,,,,,,,,,,,,,,,,
71,,,r7,,,r7,r7,,,,,,,,,,,,,,,,,,,,,,,,,,,,,,,,,,,,,
72,,,,,,,,,,,,S109,S110,,,,S114,S111,S113,S115,S112,S108,,,,,,,,,,,,,,,,,,,,116,,
73,,,,,,,,,,,,r17,r17,S117,S118,,r17,r17,r17,r17,r17,r17,,,,,,,,,,,,,,,,,,,,,,
74,,,r45,,,r45,r45,,,,,r20,r20,r20,r20,,r20,r20,r20,r20,r20,r20,,,,,,,,,,,,,,,,,,,,,,
75,,,S119,,,S120,,,,,,,,,,,,,,,,,,,,,,,,,,,,,,,,,,,,,,
76,,,r3,,,r3,S121,,,,,,,,,,,,,,,,,,,,,,,,,,,,,,,,,,,,,
77,,,r5,,,r5,r5,,,,,,,,,,,,,,,,,,,,,,,,,,,,,,,,,,,,,
78,,,r44,,,r44,r44,,,,,r44,r44,r44,r44,,r44,r44,r44,r44,r44,r44,,,,,,,,,,,,,,,,,,,,,,
79,,,r22,,,r22,r22,,,,,r22,r22,r22,r22,,r22,r22,r22,r22,r22,r22,S122,S123,,,,,,,,,,,,,,,,,,,,
80,,,r23,,,r23,r23,,,,,r23,r23,r23,r23,,r23,r23,r23,r23,r23,r23,,,,,,,,,,,,,,,,,,,,,,
81,,,r43,,,r43,r43,,,,,r43,r43,r43,r43,,r43,r43,r43,r43,r43,r43,,,,,,,,,,,,,,,,,,,,,,
82,,,r24,,,,,,,,,r24,r24,r24,r24,,,,,,,,,,,,,,,,,,,,,,,,,,,,,
83,,,r15,,,,,,,,,r15,r15,S48,S49,,,,,,,,,,,,,,,,,,,,,,,,,,,,,
84,,,r16,,,,,,,,,r16,r16,S48,S49,,,,,,,,,,,,,,,,,,,,,,,,,,,,,
85,,,r18,,,,,,,,,r18,r18,r18,r18,,,,,,,,,,,,,,,,,,,,,,,,,,,,,
86,,,r19,,,,,,,,,r19,r19,r19,r19,,,,,,,,,,,,,,,,,,,,,,,,,,,,,
87,,,,,,,,,r42,,,S92,S93,,,,,,,,,,,,,,,,,,,,,,,,,,,,,,,
88,,,S124,,,,,,,,,S46,S47,,,,,,,,,,,,,,,,,,,,,,,,,,,,,,,
89,,,,,,,,,r32,,,r32,r32,r32,r32,,,,,,,,,,,,,,,,,,,,,,,,,,,,,
90,,,,,,,,,r21,,,r21,r21,r21,r21,,,,,,,,,,,,,,,,,,,,,,,,,,,,,
91,,,,,,,,,r34,,,r34,r34,r34,r34,,,,,,,,,,,,,,,,,,,,,,,,,,,,,
92,,S54,,,,,,,,S62,,,S56,,,S63,,,,,,,S55,S57,,,,,S64,S61,,,,,,,,,,125,60,,,
93,,S54,,,,,,,,S62,,,S56,,,S63,,,,,,,S55,S57,,,,,S64,S61,,,,,,,,,,126,60,,,
94,,S54,,,,,,,,S62,,,S56,,,S63,,,,,,,S55,S57,,,,,S64,S61,,,,,,,,,,,127,,,
95,,S54,,,,,,,,S62,,,S56,,,S63,,,,,,,S55,S57,,,,,S64,S61,,,,,,,,,,,128,,,
96,,,,,,,,,r31,,,r31,r31,r31,r31,,,,,,,,,,,,,,,,,,,,,,,,,,,,,
97,,,,,,,,,r33,,,r33,r33,r33,r33,,,,,,,,,,,,,,,,,,,,,,,,,,,,,
98,,,,,,,,,r41,,,S92,S93,,,,,,,,,,,,,,,,,,,,,,,,,,,,,,,
99,,,r6,,,r6,r6,,,,,,,,,,,,,,,,,,,,,,,,,,,,,,,,,,,,,
100,,,S129,,,,,,,,,S130,S131,,,,S114,S111,S113,S115,S112,S108,,,,,,,,,,,,,,,,,,,,116,,
101,,,r17,,,,,,,,,r17,r17,S132,S133,,r17,r17,r17,r17,r17,r17,,,,,,,,,,,,,,,,,,,,,,
102,,,r45,,,r45,r45,,,,,r20,r20,r20,r20,,r20,r20,r20,r20,r20,r20,,,,,,,,,,,,,,,,,,,,,,
103,,,S134,,,S120,,,,,,,,,,,,,,,,,,,,,,,,,,,,,,,,,,,,,,
104,,,r32,,,r32,r32,,,,,r32,r32,r32,r32,,r32,r32,r32,r32,r32,r32,,,,,,,,,,,,,,,,,,,,,,
105,,S18,,,,,,,,S26,,,S20,,,S27,,,,,,,S19,S21,,,,,S28,S25,,,,,,,,,135,23,24,,,
106,,,r21,,,r21,r21,,,,,r21,r21,r21,r21,,r21,r21,r21,r21,r21,r21,,,,,,,,,,,,,,,,,,,,,,
107,,,r34,,,r34,r34,,,,,r34,r34,r34,r34,,r34,r34,r34,r34,r34,r34,,,,,,,,,,,,,,,,,,,,,,
108,,r30,,,,,,,,r30,,,r30,,,r30,,,,,,,r30,r30,,,,,r30,r30,,,,,,,,,,,,,,
109,,S136,,,,,,,,S143,,,S138,,,S144,,,,,,,S137,S139,,,,,S145,S142,,,,,,,,,,140,141,,,
110,,S136,,,,,,,,S143,,,S138,,,S144,,,,,,,S137,S139,,,,,S145,S142,,,,,,,,,,146,141,,,
111,,r26,,,,,,,,r26,,,r26,,,r26,,,,,,,r26,r26,,,,,r26,r26,,,,,,,,,,,,,,
112,,r29,,,,,,,,r29,,,r29,,,r29,,,,,,,r29,r29,,,,,r29,r29,,,,,,,,,,,,,,
113,,r27,,,,,,,,r27,,,r27,,,r27,,,,,,,r27,r27,,,,,r27,r27,,,,,,,,,,,,,,
114,,r25,,,,,,,,r25,,,r25,,,r25,,,,,,,r25,r25,,,,,r25,r25,,,,,,,,,,,,,,
115,,r28,,,,,,,,r28,,,r28,,,r28,,,,,,,r28,r28,,,,,r28,r28,,,,,,,,,,,,,,
116,,S147,,,,,,,,S155,,,S149,,,S156,,,,,,,S148,S150,,,,,S157,S154,,,,,,,,,151,152,153,,,
117,,S136,,,,,,,,S143,,,S138,,,S144,,,,,,,S137,S139,,,,,S145,S142,,,,,,,,,,,158,,,
118,,S136,,,,,,,,S143,,,S138,,,S144,,,,,,,S137,S139,,,,,S145,S142,,,,,,,,,,,159,,,
119,,,,r38,,,,,,,,,,,,,,,,,,,,,,,,,,,,,,,,,,,,,,,160,
120,,S67,,,,,,S66,,S79,,,S69,,,S80,,,,,,,S68,S70,,,,,S81,S78,,,,161,77,71,,,72,73,74,,,
121,,S67,,,,,,S66,,S79,,,S69,,,S80,,,,,,,S68,S70,,,,,S81,S78,,,,,162,71,,,72,73,74,,,
122,,,r31,,,r31,r31,,,,,r31,r31,r31,r31,,r31,r31,r31,r31,r31,r31,,,,,,,,,,,,,,,,,,,,,,
123,,,r33,,,r33,r33,,,,,r33,r33,r33,r33,,r33,r33,r33,r33,r33,r33,,,,,,,,,,,,,,,,,,,,,,
124,,,,,,,,,r24,,,r24,r24,r24,r24,,,,,,,,,,,,,,,,,,,,,,,,,,,,,
125,,,,,,,,,r15,,,r15,r15,S94,S95,,,,,,,,,,,,,,,,,,,,,,,,,,,,,
126,,,,,,,,,r16,,,r16,r16,S94,S95,,,,,,,,,,,,,,,,,,,,,,,,,,,,,
127,,,,,,,,,r18,,,r18,r18,r18,r18,,,,,,,,,,,,,,,,,,,,,,,,,,,,,
128,,,,,,,,,r19,,,r19,r19,r19,r19,,,,,,,,,,,,,,,,,,,,,,,,,,,,,
129,,,r24,,,r24,r24,,,,,r24,r24,r24,r24,,r24,r24,r24,r24,r24,r24,,,,,,,,,,,,,,,,,,,,,,
130,,S163,,,,,,,,S170,,,S165,,,S171,,,,,,,S164,S166,,,,,S172,S169,,,,,,,,,,167,168,,,
131,,S163,,,,,,,,S170,,,S165,,,S171,,,,,,,S164,S166,,,,,S172,S169,,,,,,,,,,173,168,,,
132,,S163,,,,,,,,S170,,,S165,,,S171,,,,,,,S164,S166,,,,,S172,S169,,,,,,,,,,,174,,,
133,,S163,,,,,,,,S170,,,S165,,,S171,,,,,,,S164,S166,,,,,S172,S169,,,,,,,,,,,175,,,
134,,,r8,,,r8,r8,,,,,,,,,,,,,,,,,,,,,,,,,,,,,,,,,,,,,
135,,,S129,,,,,,,,,S46,S47,,,,,,,,,,,,,,,,,,,,,,,,,,,,,,,
136,,S18,,,,,,,,S26,,,S20,,,S27,,,,,,,S19,S21,,,,,S28,S25,,,,,,,,,176,23,24,,,
137,,,,,,,,,,S177,,,,,,,,,,,,,,,,,,,,,,,,,,,,,,,,,,
138,,S136,,,,,,,,S143,,,S138,,,S144,,,,,,,S137,S139,,,,,S145,S142,,,,,,,,,,,178,,,
139,,,,,,,,,,S179,,,,,,,,,,,,,,,,,,,,,,,,,,,,,,,,,,
140,,,,,,,,,,,,r15,r15,S117,S118,,r15,r15,r15,r15,r15,r15,,,,,,,,,,,,,,,,,,,,,,
141,,,,,,,,,,,,r20,r20,r20,r20,,r20,r20,r20,r20,r20,r20,,,,,,,,,,,,,,,,,,,,,,
142,,,,,,,,,,,,r44,r44,r44,r44,,r44,r44,r44,r44,r44,r44,,,,,,,,,,,,,,,,,,,,,,
143,,,,,,,,,,,,r22,r22,r22,r22,,r22,r22,r22,r22,r22,r22,S180,S181,,,,,,,,,,,,,,,,,,,,
144,,,,,,,,,,,,r23,r23,r23,r23,,r23,r23,r23,r23,r23,r23,,,,,,,,,,,,,,,,,,,,,,
145,,,,,,,,,,,,r43,r43,r43,r43,,r43,r43,r43,r43,r43,r43,,,,,,,,,,,,,,,,,,,,,,
146,,,,,,,,,,,,r16,r16,S117,S118,,r16,r16,r16,r16,r16,r16,,,,,,,,,,,,,,,,,,,,,,
147,,S18,,,,,,,,S26,,,S20,,,S27,,,,,,,S19,S21,,,,,S28,S25,,,,,,,,,182,23,24,,,
148,,,,,,,,,,S183,,,,,,,,,,,,,,,,,,,,,,,,,,,,,,,,,,
149,,S147,,,,,,,,S155,,,S149,,,S156,,,,,,,S148,S150,,,,,S157,S154,,,,,,,,,,,184,,,
150,,,,,,,,,,S185,,,,,,,,,,,,,,,,,,,,,,,,,,,,,,,,,,
151,,,r9,,,r9,r9,,,,,S186,S187,,,,,,,,,,,,,,,,,,,,,,,,,,,,,,,
152,,,r17,,,r17,r17,,,,,r17,r17,S188,S189,,,,,,,,,,,,,,,,,,,,,,,,,,,,,
153,,,r20,,,r20,r20,,,,,r20,r20,r20,r20,,,,,,,,,,,,,,,,,,,,,,,,,,,,,
154,,,r44,,,r44,r44,,,,,r44,r44,r44,r44,,,,,,,,,,,,,,,,,,,,,,,,,,,,,
155,,,r22,,,r22,r22,,,,,r22,r22,r22,r22,,,,,,,,S190,S191,,,,,,,,,,,,,,,,,,,,
156,,,r23,,,r23,r23,,,,,r23,r23,r23,r23,,,,,,,,,,,,,,,,,,,,,,,,,,,,,
157,,,r43,,,r43,r43,,,,,r43,r43,r43,r43,,,,,,,,,,,,,,,,,,,,,,,,,,,,,
158,,,,,,,,,,,,r18,r18,r18,r18,,r18,r18,r18,r18,r18,r18,,,,,,,,,,,,,,,,,,,,,,
159,,,,,,,,,,,,r19,r19,r19,r19,,r19,r19,r19,r19,r19,r19,,,,,,,,,,,,,,,,,,,,,,
160,,,,S192,,,,,,,,,,,,,,,,,,,,,,,,,,,,,,,,,,,,,,,,
161,,,r2,,,r2,S121,,,,,,,,,,,,,,,,,,,,,,,,,,,,,,,,,,,,,
162,,,r4,,,r4,r4,,,,,,,,,,,,,,,,,,,,,,,,,,,,,,,,,,,,,
163,,S18,,,,,,,,S26,,,S20,,,S27,,,,,,,S19,S21,,,,,S28,S25,,,,,,,,,193,23,24,,,
164,,,,,,,,,,S194,,,,,,,,,,,,,,,,,,,,,,,,,,,,,,,,,,
165,,S163,,,,,,,,S170,,,S165,,,S171,,,,,,,S164,S166,,,,,S172,S169,,,,,,,,,,,195,,,
166,,,,,,,,,,S196,,,,,,,,,,,,,,,,,,,,,,,,,,,,,,,,,,
167,,,r15,,,,,,,,,r15,r15,S132,S133,,r15,r15,r15,r15,r15,r15,,,,,,,,,,,,,,,,,,,,,,
168,,,r20,,,,,,,,,r20,r20,r20,r20,,r20,r20,r20,r20,r20,r20,,,,,,,,,,,,,,,,,,,,,,
169,,,r44,,,,,,,,,r44,r44,r44,r44,,r44,r44,r44,r44,r44,r44,,,,,,,,,,,,,,,,,,,,,,
170,,,r22,,,,,,,,,r22,r22,r22,r22,,r22,r22,r22,r22,r22,r22,S197,S198,,,,,,,,,,,,,,,,,,,,
171,,,r23,,,,,,,,,r23,r23,r23,r23,,r23,r23,r23,r23,r23,r23,,,,,,,,,,,,,,,,,,,,,,
172,,,r43,,,,,,,,,r43,r43,r43,r43,,r43,r43,r43,r43,r43,r43,,,,,,,,,,,,,,,,,,,,,,
173,,,r16,,,,,,,,,r16,r16,S132,S133,,r16,r16,r16,r16,r16,r16,,,,,,,,,,,,,,,,,,,,,,
174,,,r18,,,,,,,,,r18,r18,r18,r18,,r18,r18,r18,r18,r18,r18,,,,,,,,,,,,,,,,,,,,,,
175,,,r19,,,,,,,,,r19,r19,r19,r19,,r19,r19,r19,r19,r19,r19,,,,,,,,,,,,,,,,,,,,,,
176,,,S199,,,,,,,,,S46,S47,,,,,,,,,,,,,,,,,,,,,,,,,,,,,,,
177,,,,,,,,,,,,r32,r32,r32,r32,,r32,r32,r32,r32,r32,r32,,,,,,,,,,,,,,,,,,,,,,
178,,,,,,,,,,,,r21,r21,r21,r21,,r21,r21,r21,r21,r21,r21,,,,,,,,,,,,,,,,,,,,,,
179,,,,,,,,,,,,r34,r34,r34,r34,,r34,r34,r34,r34,r34,r34,,,,,,,,,,,,,,,,,,,,,,
180,,,,,,,,,,,,r31,r31,r31,r31,,r31,r31,r31,r31,r31,r31,,,,,,,,,,,,,,,,,,,,,,
181,,,,,,,,,,,,r33,r33,r33,r33,,r33,r33,r33,r33,r33,r33,,,,,,,,,,,,,,,,,,,,,,
182,,,S200,,,,,,,,,S46,S47,,,,,,,,,,,,,,,,,,,,,,,,,,,,,,,
183,,,r32,,,r32,r32,,,,,r32,r32,r32,r32,,,,,,,,,,,,,,,,,,,,,,,,,,,,,
184,,,r21,,,r21,r21,,,,,r21,r21,r21,r21,,,,,,,,,,,,,,,,,,,,,,,,,,,,,
185,,,r34,,,r34,r34,,,,,r34,r34,r34,r34,,,,,,,,,,,,,,,,,,,,,,,,,,,,,
186,,S147,,,,,,,,S155,,,S149,,,S156,,,,,,,S148,S150,,,,,S157,S154,,,,,,,,,,201,153,,,
187,,S147,,,,,,,,S155,,,S149,,,S156,,,,,,,S148,S150,,,,,S157,S154,,,,,,,,,,202,153,,,
188,,S147,,,,,,,,S155,,,S149,,,S156,,,,,,,S148,S150,,,,,S157,S154,,,,,,,,,,,203,,,
189,,S147,,,,,,,,S155,,,S149,,,S156,,,,,,,S148,S150,,,,,S157,S154,,,,,,,,,,,204,,,
190,,,r31,,,r31,r31,,,,,r31,r31,r31,r31,,,,,,,,,,,,,,,,,,,,,,,,,,,,,
191,,,r33,,,r33,r33,,,,,r33,r33,r33,r33,,,,,,,,,,,,,,,,,,,,,,,,,,,,,
192,S208,S1,,,,,,,,S13,,,S3,,,S15,,,,,,,S2,S4,S9,S10,S14,S12,S16,S11,,205,,,,,206,207,,,7,,,
193,,,S209,,,,,,,,,S46,S47,,,,,,,,,,,,,,,,,,,,,,,,,,,,,,,
194,,,r32,,,,,,,,,r32,r32,r32,r32,,r32,r32,r32,r32,r32,r32,,,,,,,,,,,,,,,,,,,,,,
195,,,r21,,,,,,,,,r21,r21,r21,r21,,r21,r21,r21,r21,r21,r21,,,,,,,,,,,,,,,,,,,,,,
196,,,r34,,,,,,,,,r34,r34,r34,r34,,r34,r34,r34,r34,r34,r34,,,,,,,,,,,,,,,,,,,,,,
197,,,r31,,,,,,,,,r31,r31,r31,r31,,r31,r31,r31,r31,r31,r31,,,,,,,,,,,,,,,,,,,,,,
198,,,r33,,,,,,,,,r33,r33,r33,r33,,r33,r33,r33,r33,r33,r33,,,,,,,,,,,,,,,,,,,,,,
199,,,,,,,,,,,,r24,r24,r24,r24,,r24,r24,r24,r24,r24,r24,,,,,,,,,,,,,,,,,,,,,,
200,,,r24,,,r24,r24,,,,,r24,r24,r24,r24,,,,,,,,,,,,,,,,,,,,,,,,,,,,,
201,,,r15,,,r15,r15,,,,,r15,r15,S188,S189,,,,,,,,,,,,,,,,,,,,,,,,,,,,,
202,,,r16,,,r16,r16,,,,,r16,r16,S188,S189,,,,,,,,,,,,,,,,,,,,,,,,,,,,,
203,,,r18,,,r18,r18,,,,,r18,r18,r18,r18,,,,,,,,,,,,,,,,,,,,,,,,,,,,,
204,,,r19,,,r19,r19,,,,,r19,r19,r19,r19,,,,,,,,,,,,,,,,,,,,,,,,,,,,,
205,S208,S1,,,r13,,,,,S13,,,S3,,,S15,,,,,,,S2,S4,S9,S10,S14,S12,S16,S11,,205,,,,,210,207,,,7,,,
206,,,,,S211,,,,,,,,,,,,,,,,,,,,,,,,,,,,,,,,,,,,,,,
207,,,,,,,,,S212,,,,,,,,,,,,,,,,,,,,,,,,,,,,,,,,,,,
208,,S213,,,,,,,,,,,,,,,,,,,,,,,,,,,,,,,,,,,,,,,,,,
209,,,r24,,,,,,,,,r24,r24,r24,r24,,r24,r24,r24,r24,r24,r24,,,,,,,,,,,,,,,,,,,,,,
210,,,,,r12,,,,,,,,,,,,,,,,,,,,,,,,,,,,,,,,,,,,,,,
211,r1,r1,,,,,,,,r1,,,r1,,,r1,,,,,,,r1,r1,r1,r1,r1,r1,r1,r1,r1,,,,,,,,,,,,,
212,S208,S1,,,r11,,,,,S13,,,S3,,,S15,,,,,,,S2,S4,S9,S10,S14,S12,S16,S11,,205,,,,,214,207,,,7,,,
213,,S67,,,,,,S66,,S79,,,S69,,,S80,,,,,,,S68,S70,,,,,S81,S78,,,215,76,77,71,,,72,73,74,,,
214,,,,,r10,,,,,,,,,,,,,,,,,,,,,,,,,,,,,,,,,,,,,,,
215,,,S216,,,S120,,,,,,,,,,,,,,,,,,,,,,,,,,,,,,,,,,,,,,
216,,,,r38,,,,,,,,,,,,,,,,,,,,,,,,,,,,,,,,,,,,,,,217,
217,,,,S218,,,,,,,,,,,,,,,,,,,,,,,,,,,,,,,,,,,,,,,,
218,S208,S1,,,,,,,,S13,,,S3,,,S15,,,,,,,S2,S4,S9,S10,S14,S12,S16,S11,,205,,,,,219,207,,,7,,,
219,,,,,S220,,,,,,,,,,,,,,,,,,,,,,,,,,,,,,,,,,,,,,,
220,r1,r1,,,r1,,,,,r1,,,r1,,,r1,,,,,,,r1,r1,r1,r1,r1,r1,r1,r1,,,,,,,,,,,,,,
